{
    "exact_match": 0.43478260869565216,
    "partial_match": 0.9782608695652174,
    "jaccard_partial_match": 0.6732899866712458,
    "precision": 0.756007393715342,
    "recall": 0.6385636221701796,
    "f1": 0.6923402454506984,
    "rouge1": 0.5374670619235835,
    "rouge2": 0.36509661835748797,
    "rougeL": 0.5377388010540183,
    "rougeLsum": 0.5342473649538867,
    "bleu": 0.4059605909343312,
    "bert_precision": 0.924748957157135,
    "bert_recall": 0.9196794033050537,
    "bert_f1": 0.9216884970664978
}