{
    "exact_match": 0.555,
    "partial_match": 0.985,
    "jaccard_partial_match": 0.7975245420429243,
    "precision": 0.8163771712158809,
    "recall": 0.796931772305208,
    "f1": 0.8065372829417774,
    "rouge1": 0.6976930014430016,
    "rouge2": 0.4269801587301588,
    "rougeL": 0.699657647907648,
    "rougeLsum": 0.6967647907647908,
    "bleu": 0.5527352521851191,
    "bert_precision": 0.9482072591781616,
    "bert_recall": 0.946424663066864,
    "bert_f1": 0.9469792246818542
}