{
    "exact_match": 0.0,
    "partial_match": 0.91,
    "jaccard_partial_match": 0.34740891430102605,
    "precision": 0.24233083810362543,
    "recall": 0.6665320952765442,
    "f1": 0.35543595263724437,
    "rouge1": 0.08135284160284159,
    "rouge2": 0.01941575091575092,
    "rougeL": 0.0783310578310578,
    "rougeLsum": 0.07830100455100455,
    "bleu": 0.012260881825166173,
    "bert_precision": 0.8161349296569824,
    "bert_recall": 0.8268052935600281,
    "bert_f1": 0.8207418322563171
}