{
    "exact_match": 0.0,
    "partial_match": 0.8941605839416058,
    "jaccard_partial_match": 0.23932596494678374,
    "precision": 0.1974150311153662,
    "recall": 0.5834748160724391,
    "f1": 0.2950139494956721,
    "rouge1": 0.0,
    "rouge2": 0.0,
    "rougeL": 0.0,
    "rougeLsum": 0.0,
    "bleu": 0.0,
    "bert_precision": 0.7121785879135132,
    "bert_recall": 0.8013767004013062,
    "bert_f1": 0.7534582614898682
}